page_group,url_pattern,full_url,pixel_event_primary,pixel_event_secondary,recommended_params,implementation_notes
"public","/","https://www.contractorleads.us","PageView","","path,url",""
"public","/about","https://www.contractorleads.us/about","PageView","","path,url",""
"app","/academy","https://www.contractorleads.us/academy","PageView","","path,url",""
"app","/academy/[slug]","https://www.contractorleads.us/academy/[slug]","PageView","","path,url",""
"admin","/admin","https://www.contractorleads.us/admin","PageView","","path,url",""
"admin","/admin/activity","https://www.contractorleads.us/admin/activity","PageView","","path,url",""
"admin","/admin/communications","https://www.contractorleads.us/admin/communications","PageView","","path,url",""
"admin","/admin/copy-leads","https://www.contractorleads.us/admin/copy-leads","PageView","","path,url",""
"admin","/admin/coupons","https://www.contractorleads.us/admin/coupons","PageView","","path,url",""
"admin","/admin/customers","https://www.contractorleads.us/admin/customers","PageView","","path,url",""
"admin","/admin/customers/[id]","https://www.contractorleads.us/admin/customers/[id]","PageView","","path,url",""
"admin","/admin/email-preview","https://www.contractorleads.us/admin/email-preview","PageView","","path,url",""
"admin","/admin/exports","https://www.contractorleads.us/admin/exports","PageView","","path,url",""
"admin","/admin/health","https://www.contractorleads.us/admin/health","PageView","","path,url",""
"admin","/admin/leads","https://www.contractorleads.us/admin/leads","PageView","","path,url",""
"admin","/admin/leads/[id]","https://www.contractorleads.us/admin/leads/[id]","PageView","","path,url",""
"admin","/admin/leads/[id]/qualification/[scoreKey]","https://www.contractorleads.us/admin/leads/[id]/qualification/[scoreKey]","PageView","","path,url",""
"admin","/admin/login","https://www.contractorleads.us/admin/login","PageView","","path,url",""
"admin","/admin/plans","https://www.contractorleads.us/admin/plans","PageView","","path,url",""
"admin","/admin/platform","https://www.contractorleads.us/admin/platform","PageView","","path,url",""
"admin","/admin/referrals","https://www.contractorleads.us/admin/referrals","PageView","","path,url",""
"admin","/admin/revenue","https://www.contractorleads.us/admin/revenue","PageView","","path,url",""
"admin","/admin/saved-leads","https://www.contractorleads.us/admin/saved-leads","PageView","","path,url",""
"admin","/admin/scrape","https://www.contractorleads.us/admin/scrape","PageView","","path,url",""
"admin","/admin/searches","https://www.contractorleads.us/admin/searches","PageView","","path,url",""
"admin","/admin/site-leads","https://www.contractorleads.us/admin/site-leads","PageView","","path,url",""
"admin","/admin/sms","https://www.contractorleads.us/admin/sms","PageView","","path,url",""
"admin","/admin/system","https://www.contractorleads.us/admin/system","PageView","","path,url",""
"admin","/admin/team","https://www.contractorleads.us/admin/team","PageView","","path,url",""
"app","/ai-tools","https://www.contractorleads.us/ai-tools","PageView","","path,url",""
"app","/analytics","https://www.contractorleads.us/analytics","PageView","","path,url",""
"app","/ask-expert","https://www.contractorleads.us/ask-expert","PageView","","path,url",""
"auth","/auth/splash","https://www.contractorleads.us/auth/splash","PageView","","path,url",""
"app","/billing","https://www.contractorleads.us/billing","PageView","AddPaymentInfo","path,url","Use StartTrial on checkout click and Purchase from Stripe webhook confirmation"
"public","/blog","https://www.contractorleads.us/blog","PageView","ViewContent","path,url",""
"public","/blog/[slug]","https://www.contractorleads.us/blog/[slug]","PageView","ViewContent","path,url",""
"app","/crm-webhooks","https://www.contractorleads.us/crm-webhooks","PageView","","path,url",""
"app","/dashboard","https://www.contractorleads.us/dashboard","PageView","","path,url",""
"app","/digest","https://www.contractorleads.us/digest","PageView","ViewContent","path,url",""
"public","/email/preferences","https://www.contractorleads.us/email/preferences","PageView","","path,url",""
"public","/email/unsubscribe","https://www.contractorleads.us/email/unsubscribe","PageView","","path,url",""
"public","/enterprise/book","https://www.contractorleads.us/enterprise/book","PageView","Lead","path,url","Fire Lead when enterprise form submits successfully"
"app","/facebook","https://www.contractorleads.us/facebook","PageView","","path,url",""
"public","/features","https://www.contractorleads.us/features","PageView","ViewContent","path,url",""
"auth","/forgot-password","https://www.contractorleads.us/forgot-password","PageView","","path,url",""
"app","/home","https://www.contractorleads.us/home","PageView","","path,url",""
"app","/inbox","https://www.contractorleads.us/inbox","PageView","","path,url",""
"app","/industries","https://www.contractorleads.us/industries","PageView","","path,url",""
"leads","/leads","https://www.contractorleads.us/leads","PageView","ViewContent","path,url",""
"leads","/leads/[id]","https://www.contractorleads.us/leads/[id]","PageView","ViewContent|Lead","path,url","Fire Lead when save/send-email actions succeed"
"leads","/leads/[id]/qualification/[scoreKey]","https://www.contractorleads.us/leads/[id]/qualification/[scoreKey]","PageView","","path,url",""
"leads","/leads/hot","https://www.contractorleads.us/leads/hot","PageView","ViewContent","path,url",""
"leads","/leads/map","https://www.contractorleads.us/leads/map","PageView","","path,url",""
"leads","/leads/pipeline","https://www.contractorleads.us/leads/pipeline","PageView","","path,url",""
"leads","/leads/saved","https://www.contractorleads.us/leads/saved","PageView","","path,url",""
"leads","/leads/search","https://www.contractorleads.us/leads/search","PageView","","path,url",""
"auth","/login","https://www.contractorleads.us/login","PageView","","path,url",""
"public","/onboarding","https://www.contractorleads.us/onboarding","PageView","","path,url",""
"public","/pricing","https://www.contractorleads.us/pricing","PageView","ViewContent","path,url",""
"auth","/privacy","https://www.contractorleads.us/privacy","PageView","","path,url",""
"app","/referrals","https://www.contractorleads.us/referrals","PageView","","path,url",""
"auth","/register","https://www.contractorleads.us/register","PageView","CompleteRegistration","path,url","Fire CompleteRegistration on successful register action"
"app","/reports","https://www.contractorleads.us/reports","PageView","","path,url",""
"auth","/reset-password","https://www.contractorleads.us/reset-password","PageView","","path,url",""
"app","/scripts","https://www.contractorleads.us/scripts","PageView","","path,url",""
"app","/settings","https://www.contractorleads.us/settings","PageView","","path,url",""
"app","/settings/security","https://www.contractorleads.us/settings/security","PageView","","path,url",""
"app","/setup","https://www.contractorleads.us/setup","PageView","","path,url",""
"app","/setup/api","https://www.contractorleads.us/setup/api","PageView","","path,url",""
"app","/setup/crm","https://www.contractorleads.us/setup/crm","PageView","","path,url",""
"app","/setup/email","https://www.contractorleads.us/setup/email","PageView","","path,url",""
"app","/sms","https://www.contractorleads.us/sms","PageView","","path,url",""
"app","/team","https://www.contractorleads.us/team","PageView","","path,url",""
"auth","/terms","https://www.contractorleads.us/terms","PageView","","path,url",""
"public","/trades","https://www.contractorleads.us/trades","PageView","","path,url",""
"public","/trades/[slug]","https://www.contractorleads.us/trades/[slug]","PageView","","path,url",""
"public","/trades/[slug]/[region]","https://www.contractorleads.us/trades/[slug]/[region]","PageView","","path,url",""
"auth","/verify-email","https://www.contractorleads.us/verify-email","PageView","CompleteRegistration","path,url","Fire CompleteRegistration when email verification succeeds"
